X,Y,Species,number
481797.8963016913,5456714.0992332445,1,2
481816.05968779424,5456733.6783808852,4,1
481828.69369796774,5456698.1666464619,3,4
481804.30049693538,5456726.3791714814,2,3
481843.03978137608,5456690.1573966201,5,5
